Setor;Indicador;Meta;Und.;Jan;Fev;Mar;Abr;Mai;Jun;Jul;Ago;Set;Out;Nov;Dez
Controle de Sinistro;ACIDENTE POR (MILHAO) DE KM RODADO - Mensal;0;Qtd;3.5;4.43;4.17;5.51;3.58;4.09;4.98;5.08;;;;
Controle de Sinistro;Acidentes com culpa - Mensal;0;Qtd;11;12;8;17;21;13;16;17;;;;
Controle de Sinistro;Número de acidentes com lesões - veículos proprios - Mensal;0;Qtd;0;0;0;0;0;0;0;0;;;;
Controle de Sinistro;Número de acidentes com lesões envolvendo Terceiros - Mensal;0;Qtd;0;0;1;0;2;0;1;0;;;;
Controle de Sinistro;Numero de mortes - proprios - Mensal;0;Qtd;0;0;0;1;0;0;0;0;;;;
Controle de Sinistro;Número de mortes -Terceiros - Mensal;0;Qtd;0;0;0;1;2;0;1;0;;;;
Controle de Sinistro;Total de acidentes - Mensal;30;Qtd;26;33;38;49;32;38;43;46;;;;
Controle de Veículos / Documentação;VEÍCULOS ATIVOS (semirreboques);0;Qtd;2015;1972;1968;1959;1947;1947;1932;1938;;;;
Controle de Veículos / Documentação;VEÍCULOS ATIVOS (Cavalos mecânicos);0;Qtd;1234;1208;1223;1231;1221;1204;1190;1188;;;;
Controle de Veículos / Documentação;Cronotacógrafo - Mensal;100;%;62.25;64.29;64.37;97.44;98.61;98.51;98.43;99.08;;;;
Controle de Veículos / Documentação;Veículos emplacados - Mensal;0;Qtd;68;36;36;31;31;23;11;39;;;;
Controle de Veículos / Documentação;Veículos Vendidos;0;Qtd;27;24;35;35;23;45;49;31;;;;
Controle de Veículos / Documentação;% CRLV LIBERADOS - Mensal;100;%;5.13;79.45;91.9;96.51;97.3;99.18;99.59;99.78;;;;
Controle de Penalidade/Autuações;Redução quantidade de multas por frota - Mensal;0.35;Qtd;0.59;0.46;0.5;0.58;0.35;0.55;0.42;0.56;;;;
Controle de Penalidade;% de multas pagas com 20% de desconto - Mensal;20;%;20;18;15;23;16;10.67;12.08;16;;;;
Controle de Penalidade;% de multas pagas com 40% de desconto - Mensal;10;%;42;39;56;38;55;48.71;47.35;45;;;;
Controle de Penalidade;Multas Cobradas Motoristas - Mensal;300;Qtd;159;161;188;99;185;245;297;196;;;;
Controle de Penalidade;Multas Mapeadas Mês - Mensal;0;Qtd;595;528;651;924;407;644;478;644;;;;
Controle de Penalidade;Multas Pagas Mês - Mensal;700;Qtd;843;707;602;556;854;1199;1134;862;;;;
Controle de Autuações;Defesas administrativas;100;Qtd;3;16;6;2;1;0;13;7;;;;
Controle de Autuações;Autuações tratadas;300;Qtd;267;100;229;278;262;278;246;193;;;;
Controle de Autuações;Responsabilidade da empresa;100;Qtd;96;28;70;30;30;37;13;89;;;;
Controle de Autuações;Já identificado pelo agente;20;Qtd;17;4;5;14;6;12;16;1;;;;
Controle de Autuações;Identificar (solicitou ser identificado, mas não possui termo);0;Qtd;27;36;46;40;42;39;32;12;;;;
Controle de Autuações;Autuações PRF;20;Qtd;42;12;47;65;84;93;72;44;;;;
Controle de Autuações;Identificado;50;Qtd;27;36;46;40;42;43;49;27;;;;
Controle de Autuações;Agregados Identificados;10;Qtd;1;0;1;2;8;3;6;5;;;;
Controle de Autuações;Agregados não Identificado;10;Qtd;0;0;15;7;14;2;8;1;;;;
Controle de Autuações;Não Identificado frota;50;Qtd;33;3;13;47;22;32;28;17;;;;
Controle de Autuações;Não Identificado 24h;0;Qtd;12;1;11;19;14;17;22;11;;;;
Controle de Autuações;Defesas ANTT - Piso Mínimo de Frete;100;Qtd;0;0;0;28;0;29;0;0;0;;;
Controle de SCORE do motorista;Motoristas participantes do sorteio;600;Qtd;249;318;405;460;497;589;600;594;;;;
Controle de Velocidade;Numero de motoristas com ocorrencias acima da velocidade permitida - Mensal;300;Qtd;542;580;673;640;584;597;540;575;;;;
Controle de Autuações;Piso Mínimo de Frete - mês de emissão;0;Qtd;50;20;44;111;13;0;54;0;0;;;
Controle de Autuações;Vale Pedágio;0;Qtd;0;2;0;5;0;0;3;0;;;;
Controle de Velocidade;Quantidade de excessos mês;2000;Qtd;4289;5825;5742;4496;3675;4197;2587;2456;;;;
Controle de Veículos / Documentação;Veículos em circulação;0;Qtd;1091;1126;1174;1175;1177;1164;1131;1145;;;;
Controle de SCORE do motorista;Média Geral SCORE;80;Qtd;62.72;65.72;70;70.56;71.94;75.12;75.4;75.24;;;;
Controle de Autuações;Recursos ANTT - Piso Mínimo de Frete;100;Qtd;0;0;0;0;0;0;0;40;85;;;
Controle de Autuações;Piso Mínimo de Frete - mês de autuação;0;Qtd;31;20;68;48;57;9;40;0;0;;;
Controle de Sinistro;Acidente com culpa por (milhão) de km rodado;0;Qtd;1.48;1.61;0.88;1.91;2.35;1.4;1.85;1.88;;;;
Controle de Sinistro;KM's rodados;10000000;Qtd;7431569;7450691;9105519;8885428;8949295;9272274;8632290;9047775;;;;